{
   "Владимир ул. Нижняя Дуброва, 17": [
      56.106354,
      40.360264
   ],
   "Владим. обл. г.Владимир ул.Гастелло д.1": [
      56.149536,
      40.376802
   ],
   "Владим. обл. г.Владимир ул.Балакирева д.28А": [
      56.12693,
      40.354434
   ],
   "Владимир ул. Ноябрьская, 8б": [
      56.101173,
      40.275984
   ],
   "Владимир ул. Куйбышева, 9": [
      56.163789,
      40.380386
   ],
   "Владимир ул. Суздальская, 5": [
      56.138283,
      40.414845
   ],
   "Владимир ул. Добросельская, 2А": [
      56.152274,
      40.457416
   ],
   "Владим. обл. г.о.г.Владимир г.Владимир ул.Мира д.4": [
      56.145013,
      40.406626
   ],
   "Владим. обл. г.Владимир ул.Асаткина д.1": [
      56.149642,
      40.378841
   ],
   "Владимир ул. Северная, 2": [
      56.150444,
      40.429407
   ],
   "Владим. обл. г.Владимир ул.Верхняя Дуброва д.26Ж пом.III": [
      56.109039,
      40.344112
   ],
   "Владим. обл. г.о.г.Владимир г.Владимир мкр.Юрьевец ул.Михалькова д.2": [
      56.145013,
      40.406626
   ],
   "Владимир ул. Песочная, 19": [
      56.108783,
      40.436028
   ],
   "Владим. обл. г.Владимир пр-кт Ленина д.62": [
      56.117512,
      40.34837
   ],
   "Владимир ул. Безыменского, 26А": [
      56.171804,
      40.44572
   ],
   "Владимир ул. Полины Осипенко, 5": [
      56.141292,
      40.419355
   ],
   "Владимир ул. Василисина, 4": [
      56.111368,
      40.355997
   ],
   "Владим. обл. г.Владимир ул.Егорова д.8Б пом.1, 2": [
      56.170355,
      40.476299
   ],
   "Владим. обл. г.Владимир ул.Комиссарова д.19": [
      56.168711,
      40.464576
   ],
   "Владимир ул. Верхняя Дуброва, 26Г": [
      56.108412,
      40.34413
   ],
   "Владим. обл. г.Владимир ул.Каманина д.26": [
      56.141864,
      40.419993
   ],
   "Владим. обл. г.Владимир пр-кт Суздальский д.21": [
      56.171322,
      40.459896
   ],
   "Владимир ул. Добросельская, 211а": [
      56.171277,
      40.487402
   ],
   "Владим. обл. г.Владимир пр-кт Строителей д.22": [
      56.14064,
      40.363956
   ],
   "Владимир ул. Нижняя Дуброва, 34": [
      56.105551,
      40.348361
   ],
   "Владимир ул. Нижняя Дуброва, 19": [
      56.106765,
      40.358889
   ],
   "Владимир ул. Лакина, 139": [
      56.139221,
      40.355125
   ],
   "Владимир ул. Гвардейская, 11, мкр Юрьевец": [
      56.106494,
      40.277789
   ],
   "Владим. обл. г.Владимир ул.Б.Московская д.90А": [
      56.13293,
      40.419193
   ],
   "Владимир ул. Егорова, 1": [
      56.166987,
      40.48009
   ],
   "Владимир ул. Мира, 15б": [
      56.138067,
      40.383934
   ],
   "Владимир мкр Юрьевец,ул. Всесвятская, 3": [
      56.108653,
      40.27363
   ],
   "Владим. обл. г.Владимир ул.Куйбышева д.5А": [
      56.159188,
      40.373792
   ],
   "Владимир ул. Гвардейская, 17": [
      56.108999,
      40.276945
   ],
   "Владим. обл. г.Владимир пр-кт Ленина д.29Б": [
      56.119429,
      40.366767
   ],
   "Владимир Владим. обл. мкр.Юрьевец ул.Гвардейская д.11": [
      56.106494,
      40.277789
   ],
   "Владим. обл. г.Владимир ул.Ново-Ямская д.26 пом.5": [
      56.121692,
      40.362276
   ],
   "Владимир Владим. обл. д.Вяткинское ул.Прянишникова д.3А": [
      55.835978,
      37.545366
   ],
   "Владим. обл. г.Владимир ул.Энергетиков (мкр.Энергетик) д.27Б": [
      56.098472,
      40.202798
   ],
   "Владимир ул. Труда, 18": [
      56.144411,
      40.425275
   ],
   "Владимир ул. Северная, 36-а": [
      56.148508,
      40.412186
   ],
   "Владимир ул. Большая Московская, 88": [
      56.133041,
      40.418286
   ],
   "Владим. обл. г.Владимир ул.Лакина д.139Д": [
      56.138834,
      40.354784
   ],
   "Владим. обл. г.Владимир ш.Судогодское д.1": [
      56.109802,
      40.43053
   ],
   "Владим. обл. г.Владимир ул.Добросельская д.57": [
      56.159253,
      40.468205
   ],
   "Владимир ул. Верхняя Дуброва, 5": [
      56.113783,
      40.344723
   ],
   "Владим. обл. г.Владимир пр-кт Ленина д.42": [
      56.119243,
      40.357326
   ],
   "Владим. обл. г.Владимир ул.Песочная д.17А": [
      56.10921,
      40.435084
   ],
   "Владимир пр-кт Суздальский, 24": [
      56.171373,
      40.461531
   ],
   "Владимир ул. Тракторная, 15": [
      56.151076,
      40.378158
   ],
   "Владим. обл. г.о.г.Владимир г.Владимир ул.Доватора д.4": [
      56.145013,
      40.406626
   ],
   "Владим. обл. г.Владимир ул.Добросельская д.191Б": [
      56.16589,
      40.477548
   ],
   "Владимир ул. Западная, 59": [
      56.114671,
      40.353239
   ],
   "Владим. обл. г.о.г.Владимир г.Владимир ул.Тракторная д.5Б": [
      56.145013,
      40.406626
   ],
   "Владим. обл. г.Владимир ул.Северная д.4": [
      56.149978,
      40.427646
   ],
   "Владим. обл. г.Владимир ул.Вокзальная д.3": [
      56.131486,
      40.420981
   ],
   "Владим. обл. г.Владимир ул.Нижняя Дуброва д.34": [
      56.105551,
      40.348361
   ],
   "Владим. обл. г.Владимир ул.Чайковского д.1011": [
      56.125756,
      40.361396
   ],
   "Владим. обл. г.Владимир ул.Комиссарова д.34": [
      56.170475,
      40.474188
   ],
   "Владим. обл. г.Владимир ул.Растопчина д.41А": [
      56.173698,
      40.473469
   ],
   "Владим. обл. г.Владимир пр-кт Суздальский д.24": [
      56.171373,
      40.461531
   ],
   "Владим. обл. г.Владимир пер.Ново-Ямской д.6А": [
      56.122485,
      40.372346
   ],
   "Владимир ул. Университетская, 8-а": [
      56.137244,
      40.368349
   ],
   "Владимир пр-кт Ленина, 35а": [
      56.118033,
      40.363066
   ],
   "Владим. обл. г.Владимир ул.850-летия д.6": [
      56.147019,
      40.381114
   ],
   "Владимир ул. Спасская, 1": [
      56.12693,
      40.399116
   ],
   "Владим. обл. г.Владимир ул.Мира д.74": [
      56.14557,
      40.424835
   ],
   "Владим. обл. г.о.г.Владимир г.Владимир мкр.Юрьевец ул.Славная д.8 пом.19": [
      56.145013,
      40.406626
   ],
   "Владимир ул. 850-летия, 4": [
      56.148092,
      40.382048
   ],
   "Владимир ул. Всесвятская, 12": [
      56.109085,
      40.268797
   ],
   "Владимир ул. Мира, 4б": [
      56.135253,
      40.377044
   ],
   "Владим. обл. г.Владимир ул.Красноармейская д.45": [
      56.130467,
      40.370567
   ],
   "Владимир ул. Верхняя Дуброва, 42": [
      56.102809,
      40.345971
   ],
   "Владим. обл. г.Владимир ул.Комиссарова д.1Г": [
      56.165699,
      40.449996
   ],
   "Владим. обл. г.Владимир мкр.Оргтруд ул.Октябрьская д.11": [
      56.184385,
      40.603554
   ],
   "Владим. обл. г.Владимир ул.Соколова-Соколенка д.29": [
      56.171613,
      40.452341
   ],
   "Владимир ул. Безыменского, 17г": [
      56.169012,
      40.442019
   ],
   "Владимир ул. Луначарского, 31": [
      56.137936,
      40.420217
   ],
   "Владим. обл. г.Владимир ул.Полины Осипенко д.1443": [
      56.150008,
      40.414755
   ],
   "Владимир ул. Юбилейная, 7а": [
      56.161905,
      40.463121
   ],
   "Владим. обл. г.Владимир ул.Комиссарова д.8А": [
      56.164627,
      40.45359
   ],
   "Владим. обл. г.Владимир ул.Тракторная д.48А": [
      56.148574,
      40.384779
   ],
   "Владимир ул. Белоконской, 6": [
      56.147601,
      40.370999
   ],
   "Владим. обл. г.о.г.Владимир г.Владимир ул.Куйбышева д.52А пом.II": [
      56.145013,
      40.406626
   ],
   "Владим. обл. г.о.г.Владимир г.Владимир ул.Нижняя Дуброва д.5 пом.1-10": [
      56.145013,
      40.406626
   ],
   "Владим. обл. г.Владимир ул.Новгородская д.3 пом.4": [
      56.164391,
      40.378571
   ],
   "Владимир ул. Тракторная, 50": [
      56.148303,
      40.385911
   ],
   "Владим. обл. г.Владимир ул.Восточная д.80": [
      56.162155,
      40.468924
   ],
   "Владимир ул. Мира, 4В": [
      56.138343,
      40.376119
   ],
   "Владимир ул. Соколова-Соколенка, 31": [
      56.172756,
      40.45147
   ],
   "Владимир ул. Мира, 45": [
      56.145234,
      40.419049
   ],
   "Владимир пр-д Лакина, 10, пом. 6": [
      56.118821,
      40.344579
   ],